Característica,Skewness,|Skewness| > 0.5,|Skewness| > 1.0
Acidez Fixa,1.7228917553916037,True,True
Acidez Volátil,1.4947513386353368,True,True
Ácido Cítrico,0.4716217543120838,False,False
Açúcar Residual,1.435072841441841,True,True
Cloretos,5.398580962521252,True,True
Dióxido de Enxofre Livre,1.219784372282318,True,True
Dióxido de Enxofre Total,-0.001177206365785427,False,False
Densidade,0.5034854532378842,True,False
pH,0.38674948061980574,False,False
Sulfatos,1.7968550310343996,True,True
Álcool,0.5655871101943215,True,False
